{
  "K_rgb": [
    [
      571.2058715820312,
      0.0,
      319.8663024902344
    ],
    [
      0.0,
      571.2058715820312,
      201.51951599121094
    ],
    [
      0.0,
      0.0,
      1.0
    ]
  ],
  "K_depth": [
    [
      398.5687561035156,
      0.0,
      307.5785827636719
    ],
    [
      0.0,
      398.5687561035156,
      204.57766723632812
    ],
    [
      0.0,
      0.0,
      1.0
    ]
  ],
  "fx": 571.2058715820312,
  "fy": 571.2058715820312,
  "cx": 319.8663024902344,
  "cy": 201.51951599121094
}