{
  "timestamp": "2025-09-14T14:14:50.623582",
  "camera_matrix": [
    [
      745.994648782162,
      0.0,
      289.826636823791
    ],
    [
      0.0,
      737.3126591605958,
      216.74348618749448
    ],
    [
      0.0,
      0.0,
      1.0
    ]
  ],
  "distortion_coefficients": [
    [
      -0.027299805832911663,
      0.2941230353041808,
      0.009968456901520073,
      -0.0016836501299510407,
      -2.15318531061379
    ]
  ],
  "reprojection_error": 0.16058991865971942,
  "num_images": 15,
  "image_size": [
    640,
    480
  ]
}