{
  "timestamp": "2025-11-13T13:31:03.894054",
  "params": {
    "tx": 0.04805076393765126,
    "ty": -0.04469896412237296,
    "tz": 0.09313293881032655,
    "rx": -0.03504922309873032,
    "ry": 0.011259520628180482,
    "rz": 1.5012127383165625
  },
  "stats_mm": {
    "mean": 5.625864027017887,
    "median": 5.117439743471231,
    "max": 17.49593567889202,
    "std": 2.456612763940606
  },
  "args": {
    "frames_per_pose": 25,
    "optimize": true,
    "verify_only": false,
    "use_forward_transform": false,
    "euler_order": "ZYX",
    "optimize_translation_only": false,
    "equalize_tags": true,
    "huber_delta": 8.0,
    "aggregate": "median",
    "min_tags_per_pose": 1,
    "results_json": "advanced_calibration_result.json",
    "emit_python": "eef_to_color_opt.py"
  }
}